{
"type": "FeatureCollection",
"crs": { "type": "name", "properties": { "name": "urn:ogc:def:crs:OGC:1.3:CRS84" } },
"features": [
{ "type": "Feature", "properties": { "cid": "c0", "Latitude": 41.651289, "Longitude": -70.310785, "height": 37.0, "model": "wtk", "model_file": "wtk_c0.pkl", "rmse_test_nobc": 2.1716266432133553, "rmse_test_bc": 1.1185416023185473, "rmse_test_percent_reduction": 48.492914018431748, "perf_factor_no_bc": 1.2599243702205529, "perf_factor_bc": 0.99608649852869147, "train_set_length": 100848 }, "geometry": { "type": "Point", "coordinates": [ -70.310785, 41.651289 ] } },
{ "type": "Feature", "properties": { "cid": "c1", "Latitude": 41.732752, "Longitude": -71.451457, "height": 37.0, "model": "wtk", "model_file": "wtk_c1.pkl", "rmse_test_nobc": 1.7392562772936193, "rmse_test_bc": 1.2414677628503845, "rmse_test_percent_reduction": 28.62076859758826, "perf_factor_no_bc": 1.126299974429515, "perf_factor_bc": 1.0008080109170296, "train_set_length": 89821 }, "geometry": { "type": "Point", "coordinates": [ -71.451457, 41.732752 ] } },
{ "type": "Feature", "properties": { "cid": "c2", "Latitude": 36.213405, "Longitude": -81.692289, "height": 37.0, "model": "wtk", "model_file": "wtk_c2.pkl", "rmse_test_nobc": 3.8549548359575185, "rmse_test_bc": 1.5611968300771786, "rmse_test_percent_reduction": 59.501553286307228, "perf_factor_no_bc": 1.4429127685662799, "perf_factor_bc": 1.0003509976481093, "train_set_length": 85492 }, "geometry": { "type": "Point", "coordinates": [ -81.692289, 36.213405 ] } },
{ "type": "Feature", "properties": { "cid": "c3", "Latitude": 42.110866, "Longitude": -72.00394, "height": 37.0, "model": "wtk", "model_file": "wtk_c3.pkl", "rmse_test_nobc": 2.0462887181266831, "rmse_test_bc": 1.0856983379903937, "rmse_test_percent_reduction": 46.94305215227309, "perf_factor_no_bc": 1.2514014337020034, "perf_factor_bc": 1.0023419394526747, "train_set_length": 65668 }, "geometry": { "type": "Point", "coordinates": [ -72.00394, 42.110866 ] } },
{ "type": "Feature", "properties": { "cid": "c4", "Latitude": 42.408993, "Longitude": -71.099095, "height": 37.0, "model": "wtk", "model_file": "wtk_c4.pkl", "rmse_test_nobc": 1.7550390841578478, "rmse_test_bc": 1.265812982894573, "rmse_test_percent_reduction": 27.8755103336077, "perf_factor_no_bc": 1.1108861360404194, "perf_factor_bc": 1.0005935948140448, "train_set_length": 82222 }, "geometry": { "type": "Point", "coordinates": [ -71.099095, 42.408993 ] } },
{ "type": "Feature", "properties": { "cid": "c5", "Latitude": 40.689945, "Longitude": -83.790434, "height": 37.0, "model": "wtk", "model_file": "wtk_c5.pkl", "rmse_test_nobc": 1.7253961714243404, "rmse_test_bc": 1.6224482502571256, "rmse_test_percent_reduction": 5.9666251074516872, "perf_factor_no_bc": 1.0441230894659341, "perf_factor_bc": 0.99582710700229449, "train_set_length": 97822 }, "geometry": { "type": "Point", "coordinates": [ -83.790434, 40.689945 ] } },
{ "type": "Feature", "properties": { "cid": "c6", "Latitude": 40.689909, "Longitude": -83.788792, "height": 37.0, "model": "wtk", "model_file": "wtk_c6.pkl", "rmse_test_nobc": 1.8489026540203291, "rmse_test_bc": 1.7742563839608716, "rmse_test_percent_reduction": 4.0373282983365062, "perf_factor_no_bc": 1.0023736808160211, "perf_factor_bc": 0.99161421969075869, "train_set_length": 94986 }, "geometry": { "type": "Point", "coordinates": [ -83.788792, 40.689909 ] } },
{ "type": "Feature", "properties": { "cid": "c7", "Latitude": 39.53132, "Longitude": -88.029789, "height": 37.0, "model": "wtk", "model_file": "wtk_c7.pkl", "rmse_test_nobc": 1.6955434122303661, "rmse_test_bc": 1.4950368943460284, "rmse_test_percent_reduction": 11.825501867898842, "perf_factor_no_bc": 0.99287593596515478, "perf_factor_bc": 1.0023572338900524, "train_set_length": 108141 }, "geometry": { "type": "Point", "coordinates": [ -88.029789, 39.53132 ] } },
{ "type": "Feature", "properties": { "cid": "c8", "Latitude": 44.742336, "Longitude": -63.28222, "height": 37.0, "model": "wtk", "model_file": "wtk_c8.pkl", "rmse_test_nobc": 1.86253853165367, "rmse_test_bc": 1.4124577208011289, "rmse_test_percent_reduction": 24.164912736217769, "perf_factor_no_bc": 1.1002407240844256, "perf_factor_bc": 1.000820898172448, "train_set_length": 59361 }, "geometry": { "type": "Point", "coordinates": [ -63.28222, 44.742336 ] } },
{ "type": "Feature", "properties": { "cid": "c9", "Latitude": 41.549011, "Longitude": -70.643189, "height": 37.0, "model": "wtk", "model_file": "wtk_c9.pkl", "rmse_test_nobc": 2.1603716134878961, "rmse_test_bc": 1.3541429636466655, "rmse_test_percent_reduction": 37.318979975837735, "perf_factor_no_bc": 1.1755778791763922, "perf_factor_bc": 1.0055354157958478, "train_set_length": 106357 }, "geometry": { "type": "Point", "coordinates": [ -70.643189, 41.549011 ] } },
{ "type": "Feature", "properties": { "cid": "c10", "Latitude": 46.430253, "Longitude": -63.640769, "height": 37.0, "model": "wtk", "model_file": "wtk_c10.pkl", "rmse_test_nobc": 2.0360824759409937, "rmse_test_bc": 1.2943592803209469, "rmse_test_percent_reduction": 36.428936665605981, "perf_factor_no_bc": 1.219847361356462, "perf_factor_bc": 0.99782563948279046, "train_set_length": 94257 }, "geometry": { "type": "Point", "coordinates": [ -63.640769, 46.430253 ] } },
{ "type": "Feature", "properties": { "cid": "c20", "Latitude": 45.594327, "Longitude": -94.445681, "height": 37.0, "model": "wtk", "model_file": "wtk_c20.pkl", "rmse_test_nobc": 1.9406812397960751, "rmse_test_bc": 1.2640036379871067, "rmse_test_percent_reduction": 34.86804468105607, "perf_factor_no_bc": 1.230209200162953, "perf_factor_bc": 0.9991295420460512, "train_set_length": 89410 }, "geometry": { "type": "Point", "coordinates": [ -94.445681, 45.594327 ] } },
{ "type": "Feature", "properties": { "cid": "c29", "Latitude": 40.764318, "Longitude": -82.644979, "height": 37.0, "model": "wtk", "model_file": "wtk_c29.pkl", "rmse_test_nobc": 1.9221188796356776, "rmse_test_bc": 1.1862902242926812, "rmse_test_percent_reduction": 38.282161584223495, "perf_factor_no_bc": 1.2011977775239273, "perf_factor_bc": 0.99761848873186121, "train_set_length": 89038 }, "geometry": { "type": "Point", "coordinates": [ -82.644979, 40.764318 ] } },
{ "type": "Feature", "properties": { "cid": "c30", "Latitude": 40.764012, "Longitude": -82.645783, "height": 37.0, "model": "wtk", "model_file": "wtk_c30.pkl", "rmse_test_nobc": 2.180504338480501, "rmse_test_bc": 1.1940376013873482, "rmse_test_percent_reduction": 45.240301506603686, "perf_factor_no_bc": 1.2924966552965489, "perf_factor_bc": 0.9999508236296939, "train_set_length": 94003 }, "geometry": { "type": "Point", "coordinates": [ -82.645783, 40.764012 ] } },
{ "type": "Feature", "properties": { "cid": "c31", "Latitude": 41.488629, "Longitude": -82.111822, "height": 37.0, "model": "wtk", "model_file": "wtk_c31.pkl", "rmse_test_nobc": 1.914490619306954, "rmse_test_bc": 1.6076745534221455, "rmse_test_percent_reduction": 16.025989513381685, "perf_factor_no_bc": 1.0796010681349288, "perf_factor_bc": 0.99337273660214254, "train_set_length": 112831 }, "geometry": { "type": "Point", "coordinates": [ -82.111822, 41.488629 ] } },
{ "type": "Feature", "properties": { "cid": "c32", "Latitude": 40.819456, "Longitude": -83.017104, "height": 37.0, "model": "wtk", "model_file": "wtk_c32.pkl", "rmse_test_nobc": 1.6979426726094673, "rmse_test_bc": 1.4486783512944901, "rmse_test_percent_reduction": 14.680373214950638, "perf_factor_no_bc": 1.0595580146372399, "perf_factor_bc": 0.99933687643123648, "train_set_length": 91799 }, "geometry": { "type": "Point", "coordinates": [ -83.017104, 40.819456 ] } },
{ "type": "Feature", "properties": { "cid": "c34", "Latitude": 44.97932, "Longitude": -89.596725, "height": 37.0, "model": "wtk", "model_file": "wtk_c34.pkl", "rmse_test_nobc": 1.6628990475734464, "rmse_test_bc": 1.0711513485655426, "rmse_test_percent_reduction": 35.585305065355612, "perf_factor_no_bc": 1.1556914631495938, "perf_factor_bc": 1.0008443560475899, "train_set_length": 89469 }, "geometry": { "type": "Point", "coordinates": [ -89.596725, 44.97932 ] } },
{ "type": "Feature", "properties": { "cid": "c35", "Latitude": 39.840315, "Longitude": -88.9548, "height": 37.0, "model": "wtk", "model_file": "wtk_c35.pkl", "rmse_test_nobc": 1.7397515138392137, "rmse_test_bc": 1.4110241402344079, "rmse_test_percent_reduction": 18.895076164031231, "perf_factor_no_bc": 0.86986568228094796, "perf_factor_bc": 1.001095600824246, "train_set_length": 121124 }, "geometry": { "type": "Point", "coordinates": [ -88.9548, 39.840315 ] } },
{ "type": "Feature", "properties": { "cid": "c36", "Latitude": 42.042508, "Longitude": -71.3937, "height": 37.0, "model": "wtk", "model_file": "wtk_c36.pkl", "rmse_test_nobc": 1.7596655272819339, "rmse_test_bc": 1.1006012682536204, "rmse_test_percent_reduction": 37.453950697456506, "perf_factor_no_bc": 1.1677779273429547, "perf_factor_bc": 0.99895872469690195, "train_set_length": 108225 }, "geometry": { "type": "Point", "coordinates": [ -71.3937, 42.042508 ] } },
{ "type": "Feature", "properties": { "cid": "c37", "Latitude": 44.414417, "Longitude": -72.834801, "height": 37.0, "model": "wtk", "model_file": "wtk_c37.pkl", "rmse_test_nobc": 2.7094287985456731, "rmse_test_bc": 2.2886138858970368, "rmse_test_percent_reduction": 15.53149921764008, "perf_factor_no_bc": 1.0454321362165995, "perf_factor_bc": 0.99936557039382734, "train_set_length": 72248 }, "geometry": { "type": "Point", "coordinates": [ -72.834801, 44.414417 ] } },
{ "type": "Feature", "properties": { "cid": "c38", "Latitude": 44.398839, "Longitude": -71.590406, "height": 37.0, "model": "wtk", "model_file": "wtk_c38.pkl", "rmse_test_nobc": 2.1252286993115113, "rmse_test_bc": 1.424872511531982, "rmse_test_percent_reduction": 32.954391591192824, "perf_factor_no_bc": 0.94450356317887352, "perf_factor_bc": 0.99441580468359581, "train_set_length": 45671 }, "geometry": { "type": "Point", "coordinates": [ -71.590406, 44.398839 ] } },
{ "type": "Feature", "properties": { "cid": "c39", "Latitude": 42.563834, "Longitude": -91.887501, "height": 37.0, "model": "wtk", "model_file": "wtk_c39.pkl", "rmse_test_nobc": 2.0992983102166454, "rmse_test_bc": 1.7245128550994415, "rmse_test_percent_reduction": 17.852891763559146, "perf_factor_no_bc": 0.84109888205362149, "perf_factor_bc": 1.0019478403282835, "train_set_length": 111662 }, "geometry": { "type": "Point", "coordinates": [ -91.887501, 42.563834 ] } },
{ "type": "Feature", "properties": { "cid": "c40", "Latitude": 42.94108, "Longitude": -88.856767, "height": 37.0, "model": "wtk", "model_file": "wtk_c40.pkl", "rmse_test_nobc": 1.633048952494814, "rmse_test_bc": 1.2375338888787804, "rmse_test_percent_reduction": 24.219424837926873, "perf_factor_no_bc": 1.1246020070745173, "perf_factor_bc": 1.0052669988012686, "train_set_length": 95775 }, "geometry": { "type": "Point", "coordinates": [ -88.856767, 42.94108 ] } },
{ "type": "Feature", "properties": { "cid": "c41", "Latitude": 41.616557, "Longitude": -94.24849, "height": 37.0, "model": "wtk", "model_file": "wtk_c41.pkl", "rmse_test_nobc": 1.7255996767926471, "rmse_test_bc": 1.5776358498930196, "rmse_test_percent_reduction": 8.5746322794082932, "perf_factor_no_bc": 1.0093132128871349, "perf_factor_bc": 0.9960800045575352, "train_set_length": 96116 }, "geometry": { "type": "Point", "coordinates": [ -94.24849, 41.616557 ] } },
{ "type": "Feature", "properties": { "cid": "c42", "Latitude": 41.827683, "Longitude": -94.456018, "height": 37.0, "model": "wtk", "model_file": "wtk_c42.pkl", "rmse_test_nobc": 2.5205857903219959, "rmse_test_bc": 1.918556303216574, "rmse_test_percent_reduction": 23.884506903790598, "perf_factor_no_bc": 0.79241066991565756, "perf_factor_bc": 1.0024290734979766, "train_set_length": 116814 }, "geometry": { "type": "Point", "coordinates": [ -94.456018, 41.827683 ] } },
{ "type": "Feature", "properties": { "cid": "c43", "Latitude": 41.301228, "Longitude": -72.901845, "height": 37.0, "model": "wtk", "model_file": "wtk_c43.pkl", "rmse_test_nobc": 1.8340022408465002, "rmse_test_bc": 1.3438767444822055, "rmse_test_percent_reduction": 26.724367367079815, "perf_factor_no_bc": 1.0710757112043334, "perf_factor_bc": 0.99745311973233175, "train_set_length": 88362 }, "geometry": { "type": "Point", "coordinates": [ -72.901845, 41.301228 ] } },
{ "type": "Feature", "properties": { "cid": "c44", "Latitude": 32.227597, "Longitude": -101.507541, "height": 30.0, "model": "wtk", "model_file": "wtk_c44.pkl", "rmse_test_nobc": 1.8949165187951338, "rmse_test_bc": 1.6838670528168016, "rmse_test_percent_reduction": 11.137665637773116, "perf_factor_no_bc": 0.93903530896566312, "perf_factor_bc": 1.0010925400089581, "train_set_length": 72418 }, "geometry": { "type": "Point", "coordinates": [ -101.507541, 32.227597 ] } },
{ "type": "Feature", "properties": { "cid": "c45", "Latitude": 40.969017, "Longitude": -72.570855, "height": 37.0, "model": "wtk", "model_file": "wtk_c45.pkl", "rmse_test_nobc": 1.6731211063439972, "rmse_test_bc": 1.4584696845448837, "rmse_test_percent_reduction": 12.829401349682144, "perf_factor_no_bc": 1.0475645147910095, "perf_factor_bc": 1.0015173077308084, "train_set_length": 84243 }, "geometry": { "type": "Point", "coordinates": [ -72.570855, 40.969017 ] } },
{ "type": "Feature", "properties": { "cid": "c46", "Latitude": 41.24813, "Longitude": -81.883051, "height": 37.0, "model": "wtk", "model_file": "wtk_c46.pkl", "rmse_test_nobc": 1.8281570369782669, "rmse_test_bc": 1.2087189329486907, "rmse_test_percent_reduction": 33.883199938525856, "perf_factor_no_bc": 1.1732563862126484, "perf_factor_bc": 0.99925164048414983, "train_set_length": 102027 }, "geometry": { "type": "Point", "coordinates": [ -81.883051, 41.24813 ] } },
{ "type": "Feature", "properties": { "cid": "c47", "Latitude": 41.404191, "Longitude": -82.585897, "height": 37.0, "model": "wtk", "model_file": "wtk_c47.pkl", "rmse_test_nobc": 1.8051713484677694, "rmse_test_bc": 1.5002429407453923, "rmse_test_percent_reduction": 16.891937044159295, "perf_factor_no_bc": 1.0804405330813951, "perf_factor_bc": 0.99930517341658986, "train_set_length": 106935 }, "geometry": { "type": "Point", "coordinates": [ -82.585897, 41.404191 ] } },
{ "type": "Feature", "properties": { "cid": "c48", "Latitude": 41.664307, "Longitude": -70.304785, "height": 30.0, "model": "wtk", "model_file": "wtk_c48.pkl", "rmse_test_nobc": 1.7640036962815722, "rmse_test_bc": 1.1912692044039892, "rmse_test_percent_reduction": 32.467873683307886, "perf_factor_no_bc": 1.1272992852944443, "perf_factor_bc": 1.0021719732323568, "train_set_length": 78269 }, "geometry": { "type": "Point", "coordinates": [ -70.304785, 41.664307 ] } },
{ "type": "Feature", "properties": { "cid": "c49", "Latitude": 41.664371, "Longitude": -70.306444, "height": 30.0, "model": "wtk", "model_file": "wtk_c49.pkl", "rmse_test_nobc": 1.8497946787108643, "rmse_test_bc": 1.245999211732653, "rmse_test_percent_reduction": 32.641215477979472, "perf_factor_no_bc": 1.1502342703063007, "perf_factor_bc": 0.99989786219938948, "train_set_length": 57329 }, "geometry": { "type": "Point", "coordinates": [ -70.306444, 41.664371 ] } },
{ "type": "Feature", "properties": { "cid": "c50", "Latitude": 44.463175, "Longitude": -73.14599, "height": 30.0, "model": "wtk", "model_file": "wtk_c50.pkl", "rmse_test_nobc": 1.8795882593040585, "rmse_test_bc": 1.3099516202396366, "rmse_test_percent_reduction": 30.306458674908786, "perf_factor_no_bc": 1.0218089199017242, "perf_factor_bc": 1.0028930701625969, "train_set_length": 73782 }, "geometry": { "type": "Point", "coordinates": [ -73.14599, 44.463175 ] } },
{ "type": "Feature", "properties": { "cid": "c52", "Latitude": 41.282586, "Longitude": -82.843286, "height": 37.0, "model": "wtk", "model_file": "wtk_c52.pkl", "rmse_test_nobc": 1.7560906158853793, "rmse_test_bc": 1.3578160072013159, "rmse_test_percent_reduction": 22.679616022164254, "perf_factor_no_bc": 1.1116942157404108, "perf_factor_bc": 1.0035203316859473, "train_set_length": 99715 }, "geometry": { "type": "Point", "coordinates": [ -82.843286, 41.282586 ] } },
{ "type": "Feature", "properties": { "cid": "c56", "Latitude": 43.659363, "Longitude": -87.997436, "height": 37.0, "model": "wtk", "model_file": "wtk_c56.pkl", "rmse_test_nobc": 1.8504191509030503, "rmse_test_bc": 1.3452581637953256, "rmse_test_percent_reduction": 27.299814037332766, "perf_factor_no_bc": 1.159010098876246, "perf_factor_bc": 0.99732559501591889, "train_set_length": 96346 }, "geometry": { "type": "Point", "coordinates": [ -87.997436, 43.659363 ] } },
{ "type": "Feature", "properties": { "cid": "c57", "Latitude": 41.440643, "Longitude": -83.13483, "height": 37.0, "model": "wtk", "model_file": "wtk_c57.pkl", "rmse_test_nobc": 1.6650992794560544, "rmse_test_bc": 1.5692512051704253, "rmse_test_percent_reduction": 5.7562978657308816, "perf_factor_no_bc": 0.98558052386428596, "perf_factor_bc": 1.002568425079277, "train_set_length": 79042 }, "geometry": { "type": "Point", "coordinates": [ -83.13483, 41.440643 ] } },
{ "type": "Feature", "properties": { "cid": "c58", "Latitude": 32.421447, "Longitude": -97.024261, "height": 37.0, "model": "wtk", "model_file": "wtk_c58.pkl", "rmse_test_nobc": 1.7691474243343093, "rmse_test_bc": 1.4991751440916394, "rmse_test_percent_reduction": 15.260021665195843, "perf_factor_no_bc": 1.0059026819357031, "perf_factor_bc": 1.0026412283485264, "train_set_length": 107673 }, "geometry": { "type": "Point", "coordinates": [ -97.024261, 32.421447 ] } },
{ "type": "Feature", "properties": { "cid": "c59", "Latitude": 43.658456, "Longitude": -87.997106, "height": 37.0, "model": "wtk", "model_file": "wtk_c59.pkl", "rmse_test_nobc": 1.7539723303879187, "rmse_test_bc": 1.3443592161107634, "rmse_test_percent_reduction": 23.353453596760154, "perf_factor_no_bc": 1.1375645555624534, "perf_factor_bc": 0.9949219699955586, "train_set_length": 96876 }, "geometry": { "type": "Point", "coordinates": [ -87.997106, 43.658456 ] } },
{ "type": "Feature", "properties": { "cid": "c60", "Latitude": 41.399158, "Longitude": -82.802919, "height": 37.0, "model": "wtk", "model_file": "wtk_c60.pkl", "rmse_test_nobc": 1.637421692201382, "rmse_test_bc": 1.2585493874962816, "rmse_test_percent_reduction": 23.138346493732897, "perf_factor_no_bc": 1.0994904510214085, "perf_factor_bc": 0.99867544056466739, "train_set_length": 106770 }, "geometry": { "type": "Point", "coordinates": [ -82.802919, 41.399158 ] } },
{ "type": "Feature", "properties": { "cid": "c61", "Latitude": 36.406453, "Longitude": -99.428211, "height": 37.0, "model": "wtk", "model_file": "wtk_c61.pkl", "rmse_test_nobc": 1.9810973302451416, "rmse_test_bc": 1.8048079275195561, "rmse_test_percent_reduction": 8.8985735346870296, "perf_factor_no_bc": 0.92389587073895929, "perf_factor_bc": 1.0019253289113375, "train_set_length": 103271 }, "geometry": { "type": "Point", "coordinates": [ -99.428211, 36.406453 ] } },
{ "type": "Feature", "properties": { "cid": "c62", "Latitude": 40.150208, "Longitude": -88.291092, "height": 37.0, "model": "wtk", "model_file": "wtk_c62.pkl", "rmse_test_nobc": 1.9259576767649, "rmse_test_bc": 1.6553958114993508, "rmse_test_percent_reduction": 14.048172944278905, "perf_factor_no_bc": 0.87264038756520512, "perf_factor_bc": 0.9962832609995671, "train_set_length": 108077 }, "geometry": { "type": "Point", "coordinates": [ -88.291092, 40.150208 ] } },
{ "type": "Feature", "properties": { "cid": "c63", "Latitude": 41.690059, "Longitude": -70.144457, "height": 37.0, "model": "wtk", "model_file": "wtk_c63.pkl", "rmse_test_nobc": 1.8530803940164093, "rmse_test_bc": 1.1285761750974277, "rmse_test_percent_reduction": 39.097290180091669, "perf_factor_no_bc": 1.1653367964639649, "perf_factor_bc": 0.9983184148266171, "train_set_length": 108845 }, "geometry": { "type": "Point", "coordinates": [ -70.144457, 41.690059 ] } },
{ "type": "Feature", "properties": { "cid": "c64", "Latitude": 40.868665, "Longitude": -81.045434, "height": 37.0, "model": "wtk", "model_file": "wtk_c64.pkl", "rmse_test_nobc": 1.882585229987533, "rmse_test_bc": 1.2479144695900557, "rmse_test_percent_reduction": 33.712723880324944, "perf_factor_no_bc": 1.1737465395636582, "perf_factor_bc": 0.99777564197661173, "train_set_length": 85932 }, "geometry": { "type": "Point", "coordinates": [ -81.045434, 40.868665 ] } },
{ "type": "Feature", "properties": { "cid": "c65", "Latitude": 44.442995, "Longitude": -73.155089, "height": 30.0, "model": "wtk", "model_file": "wtk_c65.pkl", "rmse_test_nobc": 1.8216249359448979, "rmse_test_bc": 1.4938658670053058, "rmse_test_percent_reduction": 17.992675795776794, "perf_factor_no_bc": 0.96681883106270572, "perf_factor_bc": 0.99852773188161315, "train_set_length": 68894 }, "geometry": { "type": "Point", "coordinates": [ -73.155089, 44.442995 ] } },
{ "type": "Feature", "properties": { "cid": "c66", "Latitude": 43.569283, "Longitude": -76.050206, "height": 37.0, "model": "wtk", "model_file": "wtk_c66.pkl", "rmse_test_nobc": 2.0760007004164645, "rmse_test_bc": 1.1560231046472469, "rmse_test_percent_reduction": 44.314898139709769, "perf_factor_no_bc": 1.1975532878613022, "perf_factor_bc": 1.0018449045881928, "train_set_length": 48158 }, "geometry": { "type": "Point", "coordinates": [ -76.050206, 43.569283 ] } },
{ "type": "Feature", "properties": { "cid": "c67", "Latitude": 42.77613, "Longitude": -89.28119, "height": 37.0, "model": "wtk", "model_file": "wtk_c67.pkl", "rmse_test_nobc": 1.7564324518585115, "rmse_test_bc": 1.4083057895810258, "rmse_test_percent_reduction": 19.820099651946581, "perf_factor_no_bc": 1.1233065150523343, "perf_factor_bc": 1.0040042435113576, "train_set_length": 102402 }, "geometry": { "type": "Point", "coordinates": [ -89.28119, 42.77613 ] } },
{ "type": "Feature", "properties": { "cid": "c68", "Latitude": 41.448017, "Longitude": -80.700809, "height": 37.0, "model": "wtk", "model_file": "wtk_c68.pkl", "rmse_test_nobc": 1.884672514646597, "rmse_test_bc": 1.1953339362574422, "rmse_test_percent_reduction": 36.576040295171154, "perf_factor_no_bc": 1.1983835298659669, "perf_factor_bc": 1.0045787602680412, "train_set_length": 69426 }, "geometry": { "type": "Point", "coordinates": [ -80.700809, 41.448017 ] } },
{ "type": "Feature", "properties": { "cid": "c69", "Latitude": 45.807594, "Longitude": -70.395712, "height": 37.0, "model": "wtk", "model_file": "wtk_c69.pkl", "rmse_test_nobc": 1.8966349677489365, "rmse_test_bc": 1.4985025601114825, "rmse_test_percent_reduction": 20.991514677702387, "perf_factor_no_bc": 1.0842900062890495, "perf_factor_bc": 0.99774481796810222, "train_set_length": 78120 }, "geometry": { "type": "Point", "coordinates": [ -70.395712, 45.807594 ] } },
{ "type": "Feature", "properties": { "cid": "c70", "Latitude": 45.807356, "Longitude": -70.396045, "height": 37.0, "model": "wtk", "model_file": "wtk_c70.pkl", "rmse_test_nobc": 1.8422458867616136, "rmse_test_bc": 1.5508283344270419, "rmse_test_percent_reduction": 15.818602415057587, "perf_factor_no_bc": 1.0507946667046282, "perf_factor_bc": 0.99814440287062089, "train_set_length": 77895 }, "geometry": { "type": "Point", "coordinates": [ -70.396045, 45.807356 ] } },
{ "type": "Feature", "properties": { "cid": "c71", "Latitude": 40.819453, "Longitude": -83.017103, "height": 37.0, "model": "wtk", "model_file": "wtk_c71.pkl", "rmse_test_nobc": 1.6409079751908975, "rmse_test_bc": 1.4760728083390526, "rmse_test_percent_reduction": 10.045363258879188, "perf_factor_no_bc": 1.0060047480823258, "perf_factor_bc": 1.0030820815221972, "train_set_length": 102946 }, "geometry": { "type": "Point", "coordinates": [ -83.017103, 40.819453 ] } },
{ "type": "Feature", "properties": { "cid": "c72", "Latitude": 19.916116, "Longitude": -155.794407, "height": 37.0, "model": "wtk", "model_file": "wtk_c72.pkl", "rmse_test_nobc": 3.5415777843526475, "rmse_test_bc": 2.1770216547637871, "rmse_test_percent_reduction": 38.529610605129847, "perf_factor_no_bc": 0.87914858413691832, "perf_factor_bc": 1.0025167211059869, "train_set_length": 24254 }, "geometry": { "type": "Point", "coordinates": [ -155.794407, 19.916116 ] } },
{ "type": "Feature", "properties": { "cid": "c74", "Latitude": 42.321996, "Longitude": -85.264395, "height": 30.0, "model": "wtk", "model_file": "wtk_c74.pkl", "rmse_test_nobc": 2.0292249530516742, "rmse_test_bc": 1.0387114193815392, "rmse_test_percent_reduction": 48.812406538789077, "perf_factor_no_bc": 1.2732903858000952, "perf_factor_bc": 0.99695970645765453, "train_set_length": 24143 }, "geometry": { "type": "Point", "coordinates": [ -85.264395, 42.321996 ] } },
{ "type": "Feature", "properties": { "cid": "c77", "Latitude": 41.590039, "Longitude": -83.564908, "height": 37.0, "model": "wtk", "model_file": "wtk_c77.pkl", "rmse_test_nobc": 1.5731690913638654, "rmse_test_bc": 1.233421159378767, "rmse_test_percent_reduction": 21.596402691242336, "perf_factor_no_bc": 1.0845587917409394, "perf_factor_bc": 0.99583882879323737, "train_set_length": 97928 }, "geometry": { "type": "Point", "coordinates": [ -83.564908, 41.590039 ] } },
{ "type": "Feature", "properties": { "cid": "c78", "Latitude": 41.45907, "Longitude": -84.30848, "height": 37.0, "model": "wtk", "model_file": "wtk_c78.pkl", "rmse_test_nobc": 1.5731447344781311, "rmse_test_bc": 1.3996020519237251, "rmse_test_percent_reduction": 11.031577626071154, "perf_factor_no_bc": 1.0236572204252616, "perf_factor_bc": 1.0080028230322313, "train_set_length": 99824 }, "geometry": { "type": "Point", "coordinates": [ -84.30848, 41.45907 ] } },
{ "type": "Feature", "properties": { "cid": "c79", "Latitude": 40.110754, "Longitude": -83.082221, "height": 37.0, "model": "wtk", "model_file": "wtk_c79.pkl", "rmse_test_nobc": 1.7143958298358977, "rmse_test_bc": 1.2576753206881921, "rmse_test_percent_reduction": 26.640318484175442, "perf_factor_no_bc": 1.101993100713627, "perf_factor_bc": 0.99958784561873615, "train_set_length": 94850 }, "geometry": { "type": "Point", "coordinates": [ -83.082221, 40.110754 ] } },
{ "type": "Feature", "properties": { "cid": "c80", "Latitude": 42.67972, "Longitude": -102.98332, "height": 37.0, "model": "wtk", "model_file": "wtk_c80.pkl", "rmse_test_nobc": 2.622995025302294, "rmse_test_bc": 1.6356486774116514, "rmse_test_percent_reduction": 37.641945118704648, "perf_factor_no_bc": 1.2114952664779748, "perf_factor_bc": 1.0033921312796243, "train_set_length": 75607 }, "geometry": { "type": "Point", "coordinates": [ -102.98332, 42.67972 ] } },
{ "type": "Feature", "properties": { "cid": "c81", "Latitude": 41.5075, "Longitude": -81.608194, "height": 37.0, "model": "wtk", "model_file": "wtk_c81.pkl", "rmse_test_nobc": 2.2763036589516026, "rmse_test_bc": 1.0571621515997662, "rmse_test_percent_reduction": 53.557947005775866, "perf_factor_no_bc": 1.2523589534995878, "perf_factor_bc": 0.99589148490504298, "train_set_length": 76042 }, "geometry": { "type": "Point", "coordinates": [ -81.608194, 41.5075 ] } },
{ "type": "Feature", "properties": { "cid": "c83", "Latitude": 41.724633, "Longitude": -71.466786, "height": 37.0, "model": "wtk", "model_file": "wtk_c83.pkl", "rmse_test_nobc": 1.7884594387156858, "rmse_test_bc": 1.1738305968424394, "rmse_test_percent_reduction": 34.366384194579148, "perf_factor_no_bc": 1.1482985256979532, "perf_factor_bc": 0.9959038700150149, "train_set_length": 63555 }, "geometry": { "type": "Point", "coordinates": [ -71.466786, 41.724633 ] } },
{ "type": "Feature", "properties": { "cid": "c84", "Latitude": 41.272403, "Longitude": -70.097861, "height": 37.0, "model": "wtk", "model_file": "wtk_c84.pkl", "rmse_test_nobc": 1.8199817860794225, "rmse_test_bc": 1.2633411619320758, "rmse_test_percent_reduction": 30.584955761917463, "perf_factor_no_bc": 1.070558642751998, "perf_factor_bc": 0.99896744360812639, "train_set_length": 119354 }, "geometry": { "type": "Point", "coordinates": [ -70.097861, 41.272403 ] } },
{ "type": "Feature", "properties": { "cid": "c85", "Latitude": 41.414998, "Longitude": -81.502408, "height": 37.0, "model": "wtk", "model_file": "wtk_c85.pkl", "rmse_test_nobc": 1.7750502866353601, "rmse_test_bc": 1.281346987015878, "rmse_test_percent_reduction": 27.813482431267094, "perf_factor_no_bc": 1.1341894396333716, "perf_factor_bc": 1.0061668445529841, "train_set_length": 73692 }, "geometry": { "type": "Point", "coordinates": [ -81.502408, 41.414998 ] } },
{ "type": "Feature", "properties": { "cid": "c86", "Latitude": 40.429231, "Longitude": -86.89235, "height": 37.0, "model": "wtk", "model_file": "wtk_c86.pkl", "rmse_test_nobc": 2.1731160270639442, "rmse_test_bc": 1.1111289173713947, "rmse_test_percent_reduction": 48.869323886372513, "perf_factor_no_bc": 1.264397780116024, "perf_factor_bc": 0.99895155329435215, "train_set_length": 55011 }, "geometry": { "type": "Point", "coordinates": [ -86.89235, 40.429231 ] } },
{ "type": "Feature", "properties": { "cid": "c87", "Latitude": 40.429231, "Longitude": -86.89235, "height": 37.0, "model": "wtk", "model_file": "wtk_c87.pkl", "rmse_test_nobc": 2.198116267129723, "rmse_test_bc": 1.1279070676149694, "rmse_test_percent_reduction": 48.687561050272443, "perf_factor_no_bc": 1.260175750849589, "perf_factor_bc": 0.99931312623254287, "train_set_length": 54791 }, "geometry": { "type": "Point", "coordinates": [ -86.89235, 40.429231 ] } },
{ "type": "Feature", "properties": { "cid": "c88", "Latitude": 41.801249, "Longitude": -107.240137, "height": 37.0, "model": "wtk", "model_file": "wtk_c88.pkl", "rmse_test_nobc": 3.8828771467864747, "rmse_test_bc": 1.8841139298808562, "rmse_test_percent_reduction": 51.47634450808787, "perf_factor_no_bc": 1.3212537344412627, "perf_factor_bc": 1.0005915238631666, "train_set_length": 30893 }, "geometry": { "type": "Point", "coordinates": [ -107.240137, 41.801249 ] } },
{ "type": "Feature", "properties": { "cid": "c89", "Latitude": 40.429231, "Longitude": -86.89235, "height": 37.0, "model": "wtk", "model_file": "wtk_c89.pkl", "rmse_test_nobc": 2.0978227166897634, "rmse_test_bc": 1.1051808239889325, "rmse_test_percent_reduction": 47.31772064453375, "perf_factor_no_bc": 1.2456041916319367, "perf_factor_bc": 0.99569298379193161, "train_set_length": 57478 }, "geometry": { "type": "Point", "coordinates": [ -86.89235, 40.429231 ] } },
{ "type": "Feature", "properties": { "cid": "c90", "Latitude": 24.226347, "Longitude": -76.477654, "height": 30.0, "model": "wtk", "model_file": "wtk_c90.pkl", "rmse_test_nobc": 1.7009912253155166, "rmse_test_bc": 1.5981822614751531, "rmse_test_percent_reduction": 6.0440619745874065, "perf_factor_no_bc": 1.0086983664713627, "perf_factor_bc": 1.000051367192319, "train_set_length": 68693 }, "geometry": { "type": "Point", "coordinates": [ -76.477654, 24.226347 ] } },
{ "type": "Feature", "properties": { "cid": "c91", "Latitude": 24.224845, "Longitude": -76.477654, "height": 30.0, "model": "wtk", "model_file": "wtk_c91.pkl", "rmse_test_nobc": 1.7466403661530969, "rmse_test_bc": 1.6334991723746717, "rmse_test_percent_reduction": 6.4776467995878297, "perf_factor_no_bc": 0.96629223824427479, "perf_factor_bc": 1.0034541981820304, "train_set_length": 71122 }, "geometry": { "type": "Point", "coordinates": [ -76.477654, 24.224845 ] } },
{ "type": "Feature", "properties": { "cid": "c92", "Latitude": 46.084126, "Longitude": -100.679537, "height": 37.0, "model": "wtk", "model_file": "wtk_c92.pkl", "rmse_test_nobc": 2.3737178727194976, "rmse_test_bc": 1.983450550485621, "rmse_test_percent_reduction": 16.441183963735295, "perf_factor_no_bc": 0.84897094104773352, "perf_factor_bc": 1.0028717752614209, "train_set_length": 76581 }, "geometry": { "type": "Point", "coordinates": [ -100.679537, 46.084126 ] } },
{ "type": "Feature", "properties": { "cid": "c93", "Latitude": 44.204722, "Longitude": -109.550556, "height": 30.0, "model": "wtk", "model_file": "wtk_c93.pkl", "rmse_test_nobc": 3.3355785541746066, "rmse_test_bc": 2.3530021829378391, "rmse_test_percent_reduction": 29.457449593175816, "perf_factor_no_bc": 1.0039153976513009, "perf_factor_bc": 0.99959427434285919, "train_set_length": 57707 }, "geometry": { "type": "Point", "coordinates": [ -109.550556, 44.204722 ] } },
{ "type": "Feature", "properties": { "cid": "c94", "Latitude": 44.172383, "Longitude": -73.263583, "height": 37.0, "model": "wtk", "model_file": "wtk_c94.pkl", "rmse_test_nobc": 1.9878150040228575, "rmse_test_bc": 1.5888540148162682, "rmse_test_percent_reduction": 20.070327892645373, "perf_factor_no_bc": 0.91870178356299281, "perf_factor_bc": 0.99669923928245396, "train_set_length": 49687 }, "geometry": { "type": "Point", "coordinates": [ -73.263583, 44.172383 ] } },
{ "type": "Feature", "properties": { "cid": "c95", "Latitude": 41.380275, "Longitude": -71.489886, "height": 37.0, "model": "wtk", "model_file": "wtk_c95.pkl", "rmse_test_nobc": 2.0958659540402751, "rmse_test_bc": 1.5836248078094723, "rmse_test_percent_reduction": 24.440549036227118, "perf_factor_no_bc": 1.1484781506839945, "perf_factor_bc": 0.99750018284253394, "train_set_length": 71187 }, "geometry": { "type": "Point", "coordinates": [ -71.489886, 41.380275 ] } },
{ "type": "Feature", "properties": { "cid": "c96", "Latitude": 43.548564, "Longitude": -87.983411, "height": 37.0, "model": "wtk", "model_file": "wtk_c96.pkl", "rmse_test_nobc": 1.7210180469517118, "rmse_test_bc": 1.4703641182513383, "rmse_test_percent_reduction": 14.564282410886673, "perf_factor_no_bc": 1.0700289695105993, "perf_factor_bc": 0.99728907033765224, "train_set_length": 78192 }, "geometry": { "type": "Point", "coordinates": [ -87.983411, 43.548564 ] } },
{ "type": "Feature", "properties": { "cid": "c97", "Latitude": 35.902492, "Longitude": -97.435299, "height": 37.0, "model": "wtk", "model_file": "wtk_c97.pkl", "rmse_test_nobc": 1.8121991139067735, "rmse_test_bc": 1.5751615767630525, "rmse_test_percent_reduction": 13.080104461187542, "perf_factor_no_bc": 1.029226483872238, "perf_factor_bc": 1.0032772619944725, "train_set_length": 61664 }, "geometry": { "type": "Point", "coordinates": [ -97.435299, 35.902492 ] } },
{ "type": "Feature", "properties": { "cid": "c98", "Latitude": 33.21095, "Longitude": -97.146958, "height": 37.0, "model": "wtk", "model_file": "wtk_c98.pkl", "rmse_test_nobc": 1.7635759174572339, "rmse_test_bc": 1.2845427713497743, "rmse_test_percent_reduction": 27.162604193310884, "perf_factor_no_bc": 1.0950608118022103, "perf_factor_bc": 1.000584167004215, "train_set_length": 54745 }, "geometry": { "type": "Point", "coordinates": [ -97.146958, 33.21095 ] } },
{ "type": "Feature", "properties": { "cid": "c99", "Latitude": 39.819811, "Longitude": -88.255658, "height": 37.0, "model": "wtk", "model_file": "wtk_c99.pkl", "rmse_test_nobc": 2.0851271698474911, "rmse_test_bc": 1.699250590332835, "rmse_test_percent_reduction": 18.50614126057739, "perf_factor_no_bc": 0.83631059147905684, "perf_factor_bc": 1.0049250907009237, "train_set_length": 68844 }, "geometry": { "type": "Point", "coordinates": [ -88.255658, 39.819811 ] } },
{ "type": "Feature", "properties": { "cid": "c100", "Latitude": 33.21095, "Longitude": -97.146958, "height": 37.0, "model": "wtk", "model_file": "wtk_c100.pkl", "rmse_test_nobc": 1.7659821887421498, "rmse_test_bc": 1.2810097592654559, "rmse_test_percent_reduction": 27.46190944440519, "perf_factor_no_bc": 1.0920552027164134, "perf_factor_bc": 0.997654351972314, "train_set_length": 54349 }, "geometry": { "type": "Point", "coordinates": [ -97.146958, 33.21095 ] } },
{ "type": "Feature", "properties": { "cid": "c101", "Latitude": 33.21095, "Longitude": -97.146958, "height": 37.0, "model": "wtk", "model_file": "wtk_c101.pkl", "rmse_test_nobc": 1.7532850272942373, "rmse_test_bc": 1.30884450477908, "rmse_test_percent_reduction": 25.34901716471289, "perf_factor_no_bc": 1.0707206571205496, "perf_factor_bc": 1.0003701092729638, "train_set_length": 57636 }, "geometry": { "type": "Point", "coordinates": [ -97.146958, 33.21095 ] } },
{ "type": "Feature", "properties": { "cid": "c102", "Latitude": 43.857461, "Longitude": -87.843806, "height": 37.0, "model": "wtk", "model_file": "wtk_c102.pkl", "rmse_test_nobc": 1.8927055428538451, "rmse_test_bc": 1.5396556557508456, "rmse_test_percent_reduction": 18.653186093102807, "perf_factor_no_bc": 0.87537608028030334, "perf_factor_bc": 1.0004084924363414, "train_set_length": 77497 }, "geometry": { "type": "Point", "coordinates": [ -87.843806, 43.857461 ] } },
{ "type": "Feature", "properties": { "cid": "c103", "Latitude": 41.38836, "Longitude": -83.22068, "height": 37.0, "model": "wtk", "model_file": "wtk_c103.pkl", "rmse_test_nobc": 1.687162807962896, "rmse_test_bc": 1.5701845715551608, "rmse_test_percent_reduction": 6.9334290594620418, "perf_factor_no_bc": 0.96840515748405054, "perf_factor_bc": 1.0023966881726469, "train_set_length": 58586 }, "geometry": { "type": "Point", "coordinates": [ -83.22068, 41.38836 ] } },
{ "type": "Feature", "properties": { "cid": "c104", "Latitude": 41.030689, "Longitude": -72.466025, "height": 37.0, "model": "wtk", "model_file": "wtk_c104.pkl", "rmse_test_nobc": 1.7196282824634923, "rmse_test_bc": 1.3969822460486347, "rmse_test_percent_reduction": 18.762545353850758, "perf_factor_no_bc": 1.084789573346411, "perf_factor_bc": 0.99715954379686389, "train_set_length": 66486 }, "geometry": { "type": "Point", "coordinates": [ -72.466025, 41.030689 ] } },
{ "type": "Feature", "properties": { "cid": "c105", "Latitude": 41.974071, "Longitude": -70.725695, "height": 37.0, "model": "wtk", "model_file": "wtk_c105.pkl", "rmse_test_nobc": 2.1724450135312723, "rmse_test_bc": 1.1335385744842572, "rmse_test_percent_reduction": 47.821990088406906, "perf_factor_no_bc": 1.2768134118540315, "perf_factor_bc": 1.0016722999411425, "train_set_length": 34053 }, "geometry": { "type": "Point", "coordinates": [ -70.725695, 41.974071 ] } },
{ "type": "Feature", "properties": { "cid": "c106", "Latitude": 24.226347, "Longitude": -76.477654, "height": 30.0, "model": "wtk", "model_file": "wtk_c106.pkl", "rmse_test_nobc": 1.7348121146235485, "rmse_test_bc": 1.652159261852149, "rmse_test_percent_reduction": 4.7643691253179297, "perf_factor_no_bc": 0.96091328546191546, "perf_factor_bc": 0.99903379470501819, "train_set_length": 68896 }, "geometry": { "type": "Point", "coordinates": [ -76.477654, 24.226347 ] } },
{ "type": "Feature", "properties": { "cid": "c107", "Latitude": 43.037707, "Longitude": -91.617981, "height": 37.0, "model": "wtk", "model_file": "wtk_c107.pkl", "rmse_test_nobc": 1.6044129430123453, "rmse_test_bc": 1.4317778689878693, "rmse_test_percent_reduction": 10.760015043281012, "perf_factor_no_bc": 1.0154543056898528, "perf_factor_bc": 0.997534249515729, "train_set_length": 63908 }, "geometry": { "type": "Point", "coordinates": [ -91.617981, 43.037707 ] } },
{ "type": "Feature", "properties": { "cid": "c108", "Latitude": 41.423483, "Longitude": -80.587032, "height": 37.0, "model": "wtk", "model_file": "wtk_c108.pkl", "rmse_test_nobc": 1.7334297145048003, "rmse_test_bc": 1.1021140638464952, "rmse_test_percent_reduction": 36.420031650297226, "perf_factor_no_bc": 1.1292472970685483, "perf_factor_bc": 0.99385039632695316, "train_set_length": 31779 }, "geometry": { "type": "Point", "coordinates": [ -80.587032, 41.423483 ] } },
{ "type": "Feature", "properties": { "cid": "c109", "Latitude": 41.422738, "Longitude": -80.586595, "height": 37.0, "model": "wtk", "model_file": "wtk_c109.pkl", "rmse_test_nobc": 1.8661266628222972, "rmse_test_bc": 1.1990055379519031, "rmse_test_percent_reduction": 35.748973430423625, "perf_factor_no_bc": 1.157879111629323, "perf_factor_bc": 1.0035557139228855, "train_set_length": 31788 }, "geometry": { "type": "Point", "coordinates": [ -80.586595, 41.422738 ] } },
{ "type": "Feature", "properties": { "cid": "c110", "Latitude": 40.593284, "Longitude": -73.58814, "height": 37.0, "model": "wtk", "model_file": "wtk_c110.pkl", "rmse_test_nobc": 1.9203991076633633, "rmse_test_bc": 1.7937896527780532, "rmse_test_percent_reduction": 6.592871991039484, "perf_factor_no_bc": 0.93457195397085213, "perf_factor_bc": 1.0045542595919144, "train_set_length": 55578 }, "geometry": { "type": "Point", "coordinates": [ -73.58814, 40.593284 ] } },
{ "type": "Feature", "properties": { "cid": "c111", "Latitude": 28.412547, "Longitude": -96.707544, "height": 37.0, "model": "wtk", "model_file": "wtk_c111.pkl", "rmse_test_nobc": 1.4621085023205471, "rmse_test_bc": 1.2886532913936279, "rmse_test_percent_reduction": 11.863361074203747, "perf_factor_no_bc": 0.98229171596120679, "perf_factor_bc": 1.0009140516307733, "train_set_length": 68046 }, "geometry": { "type": "Point", "coordinates": [ -96.707544, 28.412547 ] } },
{ "type": "Feature", "properties": { "cid": "c112", "Latitude": 41.32, "Longitude": -81.94, "height": 37.0, "model": "wtk", "model_file": "wtk_c112.pkl", "rmse_test_nobc": 2.291827622088809, "rmse_test_bc": 1.0556120200692996, "rmse_test_percent_reduction": 53.940165050144671, "perf_factor_no_bc": 1.3263005852987722, "perf_factor_bc": 1.0035342674388517, "train_set_length": 29939 }, "geometry": { "type": "Point", "coordinates": [ -81.94, 41.32 ] } },
{ "type": "Feature", "properties": { "cid": "c113", "Latitude": 41.38761, "Longitude": -83.22083, "height": 37.0, "model": "wtk", "model_file": "wtk_c113.pkl", "rmse_test_nobc": 1.7175774441961482, "rmse_test_bc": 1.6003085454980595, "rmse_test_percent_reduction": 6.8275756120547069, "perf_factor_no_bc": 0.95638120900291912, "perf_factor_bc": 1.0024348322510488, "train_set_length": 60869 }, "geometry": { "type": "Point", "coordinates": [ -83.22083, 41.38761 ] } },
{ "type": "Feature", "properties": { "cid": "c114", "Latitude": 25.897108, "Longitude": -97.486807, "height": 37.0, "model": "wtk", "model_file": "wtk_c114.pkl", "rmse_test_nobc": 1.511126582614442, "rmse_test_bc": 1.2686944984349251, "rmse_test_percent_reduction": 16.043135430790876, "perf_factor_no_bc": 1.0556647502295553, "perf_factor_bc": 0.99744810277377938, "train_set_length": 52738 }, "geometry": { "type": "Point", "coordinates": [ -97.486807, 25.897108 ] } },
{ "type": "Feature", "properties": { "cid": "c115", "Latitude": 43.00345, "Longitude": -87.890936, "height": 37.0, "model": "wtk", "model_file": "wtk_c115.pkl", "rmse_test_nobc": 3.2317468997413243, "rmse_test_bc": 1.9694119220219404, "rmse_test_percent_reduction": 39.060452964940531, "perf_factor_no_bc": 0.93477894184817523, "perf_factor_bc": 1.0032421488459182, "train_set_length": 52738 }, "geometry": { "type": "Point", "coordinates": [ -87.890936, 43.00345 ] } },
{ "type": "Feature", "properties": { "cid": "c116", "Latitude": 44.190127, "Longitude": -69.101227, "height": 37.0, "model": "wtk", "model_file": "wtk_c116.pkl", "rmse_test_nobc": 2.3583988689034898, "rmse_test_bc": 1.0927235395196617, "rmse_test_percent_reduction": 53.666720505691615, "perf_factor_no_bc": 1.2882362824044242, "perf_factor_bc": 0.99912964310728003, "train_set_length": 47137 }, "geometry": { "type": "Point", "coordinates": [ -69.101227, 44.190127 ] } },
{ "type": "Feature", "properties": { "cid": "c117", "Latitude": 39.068026, "Longitude": -95.713739, "height": 37.0, "model": "wtk", "model_file": "wtk_c117.pkl", "rmse_test_nobc": 1.9178130138471023, "rmse_test_bc": 1.4720774965550192, "rmse_test_percent_reduction": 23.241865295196053, "perf_factor_no_bc": 1.0639288534289957, "perf_factor_bc": 0.99444774805136393, "train_set_length": 47470 }, "geometry": { "type": "Point", "coordinates": [ -95.713739, 39.068026 ] } },
{ "type": "Feature", "properties": { "cid": "c118", "Latitude": 42.028437, "Longitude": -93.636661, "height": 37.0, "model": "wtk", "model_file": "wtk_c118.pkl", "rmse_test_nobc": 1.9132595394824887, "rmse_test_bc": 1.1822386680007089, "rmse_test_percent_reduction": 38.20813937661125, "perf_factor_no_bc": 1.180710779880024, "perf_factor_bc": 1.0007522749223654, "train_set_length": 29720 }, "geometry": { "type": "Point", "coordinates": [ -93.636661, 42.028437 ] } }
]
}
